﻿{"data":[{"GPOChanges":{"LocalAdmins":[],"RemoteDesktopUsers":[],"DcomUsers":[],"PSRemoteUsers":[],"AffectedComputers":[{"ObjectIdentifier":"S-1-5-21-976142013-3766213998-138799841-1001","ObjectType":"Computer"}]},"Properties":{"domain":"MEDTECH.COM","name":"DOMAIN CONTROLLERS@MEDTECH.COM","distinguishedname":"OU=DOMAIN CONTROLLERS,DC=MEDTECH,DC=COM","domainsid":"S-1-5-21-976142013-3766213998-138799841","highvalue":false,"description":"Default container for domain controllers","whencreated":1664275576,"blocksinheritance":false},"Links":[{"IsEnforced":false,"GUID":"5DCB6940-581C-47A4-8668-E30C6AFBFD66"}],"ChildObjects":[{"ObjectIdentifier":"S-1-5-21-976142013-3766213998-138799841-1001","ObjectType":"Computer"}],"Aces":[{"PrincipalSID":"S-1-5-21-976142013-3766213998-138799841-512","PrincipalType":"Group","RightName":"Owns","IsInherited":false},{"PrincipalSID":"S-1-5-21-976142013-3766213998-138799841-512","PrincipalType":"Group","RightName":"WriteDacl","IsInherited":false},{"PrincipalSID":"S-1-5-21-976142013-3766213998-138799841-512","PrincipalType":"Group","RightName":"WriteOwner","IsInherited":false},{"PrincipalSID":"S-1-5-21-976142013-3766213998-138799841-519","PrincipalType":"Group","RightName":"GenericAll","IsInherited":true},{"PrincipalSID":"MEDTECH.COM-S-1-5-32-544","PrincipalType":"Group","RightName":"WriteDacl","IsInherited":true},{"PrincipalSID":"MEDTECH.COM-S-1-5-32-544","PrincipalType":"Group","RightName":"WriteOwner","IsInherited":true}],"ObjectIdentifier":"C7FCC44F-B265-4B85-BD7B-641C86FF4F79","IsDeleted":false,"IsACLProtected":false}],"meta":{"methods":29695,"type":"ous","count":1,"version":5}}