﻿{"data":[{"Properties":{"domain":"MEDTECH.COM","name":"DEFAULT DOMAIN CONTROLLERS POLICY@MEDTECH.COM","distinguishedname":"CN={6AC1786C-016F-11D2-945F-00C04FB984F9},CN=POLICIES,CN=SYSTEM,DC=MEDTECH,DC=COM","domainsid":"S-1-5-21-976142013-3766213998-138799841","highvalue":false,"description":null,"whencreated":1664275576,"gpcpath":"\\\\MEDTECH.COM\\SYSVOL\\MEDTECH.COM\\POLICIES\\{6AC1786C-016F-11D2-945F-00C04FB984F9}"},"Aces":[{"PrincipalSID":"S-1-5-21-976142013-3766213998-138799841-512","PrincipalType":"Group","RightName":"Owns","IsInherited":false},{"PrincipalSID":"S-1-5-21-976142013-3766213998-138799841-512","PrincipalType":"Group","RightName":"WriteDacl","IsInherited":false},{"PrincipalSID":"S-1-5-21-976142013-3766213998-138799841-512","PrincipalType":"Group","RightName":"WriteOwner","IsInherited":false},{"PrincipalSID":"S-1-5-21-976142013-3766213998-138799841-512","PrincipalType":"Group","RightName":"GenericWrite","IsInherited":false},{"PrincipalSID":"S-1-5-21-976142013-3766213998-138799841-512","PrincipalType":"Group","RightName":"WriteDacl","IsInherited":false},{"PrincipalSID":"S-1-5-21-976142013-3766213998-138799841-512","PrincipalType":"Group","RightName":"WriteOwner","IsInherited":false},{"PrincipalSID":"S-1-5-21-976142013-3766213998-138799841-512","PrincipalType":"Group","RightName":"GenericWrite","IsInherited":false},{"PrincipalSID":"S-1-5-21-976142013-3766213998-138799841-519","PrincipalType":"Group","RightName":"WriteDacl","IsInherited":false},{"PrincipalSID":"S-1-5-21-976142013-3766213998-138799841-519","PrincipalType":"Group","RightName":"WriteOwner","IsInherited":false},{"PrincipalSID":"S-1-5-21-976142013-3766213998-138799841-519","PrincipalType":"Group","RightName":"GenericWrite","IsInherited":false}],"ObjectIdentifier":"5DCB6940-581C-47A4-8668-E30C6AFBFD66","IsDeleted":false,"IsACLProtected":true},{"Properties":{"domain":"MEDTECH.COM","name":"DEFAULT DOMAIN POLICY@MEDTECH.COM","distinguishedname":"CN={31B2F340-016D-11D2-945F-00C04FB984F9},CN=POLICIES,CN=SYSTEM,DC=MEDTECH,DC=COM","domainsid":"S-1-5-21-976142013-3766213998-138799841","highvalue":false,"description":null,"whencreated":1664275576,"gpcpath":"\\\\MEDTECH.COM\\SYSVOL\\MEDTECH.COM\\POLICIES\\{31B2F340-016D-11D2-945F-00C04FB984F9}"},"Aces":[{"PrincipalSID":"S-1-5-21-976142013-3766213998-138799841-512","PrincipalType":"Group","RightName":"Owns","IsInherited":false},{"PrincipalSID":"S-1-5-21-976142013-3766213998-138799841-512","PrincipalType":"Group","RightName":"WriteDacl","IsInherited":false},{"PrincipalSID":"S-1-5-21-976142013-3766213998-138799841-512","PrincipalType":"Group","RightName":"WriteOwner","IsInherited":false},{"PrincipalSID":"S-1-5-21-976142013-3766213998-138799841-512","PrincipalType":"Group","RightName":"GenericWrite","IsInherited":false},{"PrincipalSID":"S-1-5-21-976142013-3766213998-138799841-512","PrincipalType":"Group","RightName":"WriteDacl","IsInherited":false},{"PrincipalSID":"S-1-5-21-976142013-3766213998-138799841-512","PrincipalType":"Group","RightName":"WriteOwner","IsInherited":false},{"PrincipalSID":"S-1-5-21-976142013-3766213998-138799841-512","PrincipalType":"Group","RightName":"GenericWrite","IsInherited":false},{"PrincipalSID":"S-1-5-21-976142013-3766213998-138799841-519","PrincipalType":"Group","RightName":"WriteDacl","IsInherited":false},{"PrincipalSID":"S-1-5-21-976142013-3766213998-138799841-519","PrincipalType":"Group","RightName":"WriteOwner","IsInherited":false},{"PrincipalSID":"S-1-5-21-976142013-3766213998-138799841-519","PrincipalType":"Group","RightName":"GenericWrite","IsInherited":false}],"ObjectIdentifier":"5C52F6EA-9230-4A00-AFC2-D0DC4541BD71","IsDeleted":false,"IsACLProtected":true}],"meta":{"methods":29695,"type":"gpos","count":2,"version":5}}