﻿{"data":[{"Properties":{"domain":"MEDTECH.COM","name":"FILES02.MEDTECH.COM","distinguishedname":"CN=FILES02,CN=COMPUTERS,DC=MEDTECH,DC=COM","domainsid":"S-1-5-21-976142013-3766213998-138799841","highvalue":false,"samaccountname":"FILES02$","haslaps":false,"description":null,"whencreated":1664333584,"enabled":true,"unconstraineddelegation":false,"trustedtoauth":false,"lastlogon":1721287995,"lastlogontimestamp":1721286676,"pwdlastset":1721287572,"serviceprincipalnames":["WSMAN/FILES02","WSMAN/FILES02.medtech.com","TERMSRV/FILES02","TERMSRV/FILES02.medtech.com","RestrictedKrbHost/FILES02","HOST/FILES02","RestrictedKrbHost/FILES02.medtech.com","HOST/FILES02.medtech.com"],"operatingsystem":"Windows Server 2022 Standard","sidhistory":[]},"PrimaryGroupSID":"S-1-5-21-976142013-3766213998-138799841-515","AllowedToDelegate":[],"AllowedToAct":[],"HasSIDHistory":[],"DumpSMSAPassword":[],"Sessions":{"Results":[],"Collected":false,"FailureReason":"ERROR_ACCESS_DENIED"},"PrivilegedSessions":{"Results":[],"Collected":false,"FailureReason":"ERROR_ACCESS_DENIED"},"RegistrySessions":{"Results":[],"Collected":true,"FailureReason":null},"LocalAdmins":{"Results":[],"Collected":false,"FailureReason":"SAMRPCServerInit Failed"},"RemoteDesktopUsers":{"Results":[],"Collected":false,"FailureReason":"SAMRPCServerInit Failed"},"DcomUsers":{"Results":[],"Collected":false,"FailureReason":"SAMRPCServerInit Failed"},"PSRemoteUsers":{"Results":[],"Collected":false,"FailureReason":"SAMRPCServerInit Failed"},"Status":null,"Aces":[{"PrincipalSID":"S-1-5-21-976142013-3766213998-138799841-512","PrincipalType":"Group","RightName":"Owns","IsInherited":false},{"PrincipalSID":"MEDTECH.COM-S-1-5-32-548","PrincipalType":"Group","RightName":"GenericAll","IsInherited":false},{"PrincipalSID":"S-1-5-21-976142013-3766213998-138799841-512","PrincipalType":"Group","RightName":"GenericAll","IsInherited":false},{"PrincipalSID":"S-1-5-21-976142013-3766213998-138799841-526","PrincipalType":"Group","RightName":"AddKeyCredentialLink","IsInherited":true},{"PrincipalSID":"S-1-5-21-976142013-3766213998-138799841-527","PrincipalType":"Group","RightName":"AddKeyCredentialLink","IsInherited":true},{"PrincipalSID":"S-1-5-21-976142013-3766213998-138799841-519","PrincipalType":"Group","RightName":"GenericAll","IsInherited":true},{"PrincipalSID":"MEDTECH.COM-S-1-5-32-544","PrincipalType":"Group","RightName":"WriteDacl","IsInherited":true},{"PrincipalSID":"MEDTECH.COM-S-1-5-32-544","PrincipalType":"Group","RightName":"WriteOwner","IsInherited":true},{"PrincipalSID":"MEDTECH.COM-S-1-5-32-544","PrincipalType":"Group","RightName":"GenericWrite","IsInherited":true}],"ObjectIdentifier":"S-1-5-21-976142013-3766213998-138799841-1104","IsDeleted":false,"IsACLProtected":false},{"Properties":{"domain":"MEDTECH.COM","name":"WEB02.DMZ.MEDTECH.COM","distinguishedname":"CN=WEB02,CN=COMPUTERS,DC=MEDTECH,DC=COM","domainsid":"S-1-5-21-976142013-3766213998-138799841","highvalue":false,"samaccountname":"WEB02$","haslaps":false,"description":null,"whencreated":1664421104,"enabled":true,"unconstraineddelegation":false,"trustedtoauth":false,"lastlogon":1721287867,"lastlogontimestamp":1721286682,"pwdlastset":1721287581,"serviceprincipalnames":["TERMSRV/WEB02.dmz.medtech.com","WSMAN/WEB02.dmz.medtech.com","RestrictedKrbHost/WEB02.dmz.medtech.com","HOST/WEB02.dmz.medtech.com","TERMSRV/WEB02","WSMAN/WEB02","RestrictedKrbHost/WEB02","HOST/WEB02"],"operatingsystem":"Windows Server 2022 Standard","sidhistory":[]},"PrimaryGroupSID":"S-1-5-21-976142013-3766213998-138799841-515","AllowedToDelegate":[],"AllowedToAct":[],"HasSIDHistory":[],"DumpSMSAPassword":[],"Sessions":{"Results":[],"Collected":true,"FailureReason":null},"PrivilegedSessions":{"Results":[{"UserSID":"S-1-5-21-976142013-3766213998-138799841-1106","ComputerSID":"S-1-5-21-976142013-3766213998-138799841-1115"},{"UserSID":"S-1-5-21-976142013-3766213998-138799841-1106","ComputerSID":"S-1-5-21-976142013-3766213998-138799841-1115"},{"UserSID":"S-1-5-21-976142013-3766213998-138799841-1106","ComputerSID":"S-1-5-21-976142013-3766213998-138799841-1115"}],"Collected":true,"FailureReason":null},"RegistrySessions":{"Results":[{"UserSID":"S-1-5-21-976142013-3766213998-138799841-1106","ComputerSID":"S-1-5-21-976142013-3766213998-138799841-1115"}],"Collected":true,"FailureReason":null},"LocalAdmins":{"Results":[{"ObjectIdentifier":"S-1-5-21-976142013-3766213998-138799841-512","ObjectType":"Group"}],"Collected":true,"FailureReason":null},"RemoteDesktopUsers":{"Results":[{"ObjectIdentifier":"S-1-5-21-976142013-3766213998-138799841-1106","ObjectType":"User"}],"Collected":true,"FailureReason":null},"DcomUsers":{"Results":[],"Collected":true,"FailureReason":null},"PSRemoteUsers":{"Results":[],"Collected":true,"FailureReason":null},"Status":null,"Aces":[{"PrincipalSID":"S-1-5-21-976142013-3766213998-138799841-512","PrincipalType":"Group","RightName":"Owns","IsInherited":false},{"PrincipalSID":"MEDTECH.COM-S-1-5-32-548","PrincipalType":"Group","RightName":"GenericAll","IsInherited":false},{"PrincipalSID":"S-1-5-21-976142013-3766213998-138799841-512","PrincipalType":"Group","RightName":"GenericAll","IsInherited":false},{"PrincipalSID":"S-1-5-21-976142013-3766213998-138799841-526","PrincipalType":"Group","RightName":"AddKeyCredentialLink","IsInherited":true},{"PrincipalSID":"S-1-5-21-976142013-3766213998-138799841-527","PrincipalType":"Group","RightName":"AddKeyCredentialLink","IsInherited":true},{"PrincipalSID":"S-1-5-21-976142013-3766213998-138799841-519","PrincipalType":"Group","RightName":"GenericAll","IsInherited":true},{"PrincipalSID":"MEDTECH.COM-S-1-5-32-544","PrincipalType":"Group","RightName":"WriteDacl","IsInherited":true},{"PrincipalSID":"MEDTECH.COM-S-1-5-32-544","PrincipalType":"Group","RightName":"WriteOwner","IsInherited":true},{"PrincipalSID":"MEDTECH.COM-S-1-5-32-544","PrincipalType":"Group","RightName":"GenericWrite","IsInherited":true}],"ObjectIdentifier":"S-1-5-21-976142013-3766213998-138799841-1115","IsDeleted":false,"IsACLProtected":false},{"Properties":{"domain":"MEDTECH.COM","name":"CLIENT01.MEDTECH.COM","distinguishedname":"CN=CLIENT01,CN=COMPUTERS,DC=MEDTECH,DC=COM","domainsid":"S-1-5-21-976142013-3766213998-138799841","highvalue":false,"samaccountname":"CLIENT01$","haslaps":false,"description":null,"whencreated":1664415821,"enabled":true,"unconstraineddelegation":false,"trustedtoauth":false,"lastlogon":1721287738,"lastlogontimestamp":1721286684,"pwdlastset":1721287584,"serviceprincipalnames":["TERMSRV/CLIENT01","TERMSRV/CLIENT01.medtech.com","RestrictedKrbHost/CLIENT01","HOST/CLIENT01","RestrictedKrbHost/CLIENT01.medtech.com","HOST/CLIENT01.medtech.com"],"operatingsystem":"Windows 11 Enterprise","sidhistory":[]},"PrimaryGroupSID":"S-1-5-21-976142013-3766213998-138799841-515","AllowedToDelegate":[],"AllowedToAct":[],"HasSIDHistory":[],"DumpSMSAPassword":[],"Sessions":{"Results":[],"Collected":false,"FailureReason":"ERROR_ACCESS_DENIED"},"PrivilegedSessions":{"Results":[],"Collected":false,"FailureReason":"ERROR_ACCESS_DENIED"},"RegistrySessions":{"Results":[],"Collected":false,"FailureReason":"The network path was not found.\r\n"},"LocalAdmins":{"Results":[],"Collected":false,"FailureReason":"SAMRPCServerInit Failed"},"RemoteDesktopUsers":{"Results":[],"Collected":false,"FailureReason":"SAMRPCServerInit Failed"},"DcomUsers":{"Results":[],"Collected":false,"FailureReason":"SAMRPCServerInit Failed"},"PSRemoteUsers":{"Results":[],"Collected":false,"FailureReason":"SAMRPCServerInit Failed"},"Status":null,"Aces":[{"PrincipalSID":"S-1-5-21-976142013-3766213998-138799841-512","PrincipalType":"Group","RightName":"Owns","IsInherited":false},{"PrincipalSID":"MEDTECH.COM-S-1-5-32-548","PrincipalType":"Group","RightName":"GenericAll","IsInherited":false},{"PrincipalSID":"S-1-5-21-976142013-3766213998-138799841-512","PrincipalType":"Group","RightName":"GenericAll","IsInherited":false},{"PrincipalSID":"S-1-5-21-976142013-3766213998-138799841-526","PrincipalType":"Group","RightName":"AddKeyCredentialLink","IsInherited":true},{"PrincipalSID":"S-1-5-21-976142013-3766213998-138799841-527","PrincipalType":"Group","RightName":"AddKeyCredentialLink","IsInherited":true},{"PrincipalSID":"S-1-5-21-976142013-3766213998-138799841-519","PrincipalType":"Group","RightName":"GenericAll","IsInherited":true},{"PrincipalSID":"MEDTECH.COM-S-1-5-32-544","PrincipalType":"Group","RightName":"WriteDacl","IsInherited":true},{"PrincipalSID":"MEDTECH.COM-S-1-5-32-544","PrincipalType":"Group","RightName":"WriteOwner","IsInherited":true},{"PrincipalSID":"MEDTECH.COM-S-1-5-32-544","PrincipalType":"Group","RightName":"GenericWrite","IsInherited":true}],"ObjectIdentifier":"S-1-5-21-976142013-3766213998-138799841-1112","IsDeleted":false,"IsACLProtected":false},{"Properties":{"domain":"MEDTECH.COM","name":"PROD01.MEDTECH.COM","distinguishedname":"CN=PROD01,CN=COMPUTERS,DC=MEDTECH,DC=COM","domainsid":"S-1-5-21-976142013-3766213998-138799841","highvalue":false,"samaccountname":"PROD01$","haslaps":false,"description":null,"whencreated":1664416386,"enabled":true,"unconstraineddelegation":false,"trustedtoauth":false,"lastlogon":1721287996,"lastlogontimestamp":1721286685,"pwdlastset":1721287585,"serviceprincipalnames":["WSMAN/PROD01","WSMAN/PROD01.medtech.com","RestrictedKrbHost/PROD01","HOST/PROD01","RestrictedKrbHost/PROD01.medtech.com","HOST/PROD01.medtech.com"],"operatingsystem":"Windows Server 2022 Standard","sidhistory":[]},"PrimaryGroupSID":"S-1-5-21-976142013-3766213998-138799841-515","AllowedToDelegate":[],"AllowedToAct":[],"HasSIDHistory":[],"DumpSMSAPassword":[],"Sessions":{"Results":[],"Collected":false,"FailureReason":"ERROR_ACCESS_DENIED"},"PrivilegedSessions":{"Results":[],"Collected":false,"FailureReason":"ERROR_ACCESS_DENIED"},"RegistrySessions":{"Results":[],"Collected":true,"FailureReason":null},"LocalAdmins":{"Results":[],"Collected":false,"FailureReason":"SAMRPCServerInit Failed"},"RemoteDesktopUsers":{"Results":[],"Collected":false,"FailureReason":"SAMRPCServerInit Failed"},"DcomUsers":{"Results":[],"Collected":false,"FailureReason":"SAMRPCServerInit Failed"},"PSRemoteUsers":{"Results":[],"Collected":false,"FailureReason":"SAMRPCServerInit Failed"},"Status":null,"Aces":[{"PrincipalSID":"S-1-5-21-976142013-3766213998-138799841-512","PrincipalType":"Group","RightName":"Owns","IsInherited":false},{"PrincipalSID":"MEDTECH.COM-S-1-5-32-548","PrincipalType":"Group","RightName":"GenericAll","IsInherited":false},{"PrincipalSID":"S-1-5-21-976142013-3766213998-138799841-512","PrincipalType":"Group","RightName":"GenericAll","IsInherited":false},{"PrincipalSID":"S-1-5-21-976142013-3766213998-138799841-526","PrincipalType":"Group","RightName":"AddKeyCredentialLink","IsInherited":true},{"PrincipalSID":"S-1-5-21-976142013-3766213998-138799841-527","PrincipalType":"Group","RightName":"AddKeyCredentialLink","IsInherited":true},{"PrincipalSID":"S-1-5-21-976142013-3766213998-138799841-519","PrincipalType":"Group","RightName":"GenericAll","IsInherited":true},{"PrincipalSID":"MEDTECH.COM-S-1-5-32-544","PrincipalType":"Group","RightName":"WriteDacl","IsInherited":true},{"PrincipalSID":"MEDTECH.COM-S-1-5-32-544","PrincipalType":"Group","RightName":"WriteOwner","IsInherited":true},{"PrincipalSID":"MEDTECH.COM-S-1-5-32-544","PrincipalType":"Group","RightName":"GenericWrite","IsInherited":true}],"ObjectIdentifier":"S-1-5-21-976142013-3766213998-138799841-1113","IsDeleted":false,"IsACLProtected":false},{"Properties":{"domain":"MEDTECH.COM","name":"DC01.MEDTECH.COM","distinguishedname":"CN=DC01,OU=DOMAIN CONTROLLERS,DC=MEDTECH,DC=COM","domainsid":"S-1-5-21-976142013-3766213998-138799841","highvalue":false,"samaccountname":"DC01$","haslaps":false,"description":null,"whencreated":1664275661,"enabled":true,"unconstraineddelegation":true,"trustedtoauth":false,"lastlogon":1721286666,"lastlogontimestamp":1721286660,"pwdlastset":1721286661,"serviceprincipalnames":["TERMSRV/DC01","TERMSRV/DC01.medtech.com","Dfsr-12F9A27C-BF97-4787-9364-D31B6C55EB04/DC01.medtech.com","ldap/DC01.medtech.com/ForestDnsZones.medtech.com","ldap/DC01.medtech.com/DomainDnsZones.medtech.com","DNS/DC01.medtech.com","GC/DC01.medtech.com/medtech.com","RestrictedKrbHost/DC01.medtech.com","RestrictedKrbHost/DC01","RPC/20fec320-460e-4b9b-8c84-48941bc3d905._msdcs.medtech.com","HOST/DC01/MEDTECH","HOST/DC01.medtech.com/MEDTECH","HOST/DC01","HOST/DC01.medtech.com","HOST/DC01.medtech.com/medtech.com","E3514235-4B06-11D1-AB04-00C04FC2DCD2/20fec320-460e-4b9b-8c84-48941bc3d905/medtech.com","ldap/DC01/MEDTECH","ldap/20fec320-460e-4b9b-8c84-48941bc3d905._msdcs.medtech.com","ldap/DC01.medtech.com/MEDTECH","ldap/DC01","ldap/DC01.medtech.com","ldap/DC01.medtech.com/medtech.com"],"operatingsystem":"Windows Server 2022 Standard","sidhistory":[]},"PrimaryGroupSID":"S-1-5-21-976142013-3766213998-138799841-516","AllowedToDelegate":[],"AllowedToAct":[],"HasSIDHistory":[],"DumpSMSAPassword":[],"Sessions":{"Results":[],"Collected":false,"FailureReason":"ERROR_ACCESS_DENIED"},"PrivilegedSessions":{"Results":[],"Collected":false,"FailureReason":"ERROR_ACCESS_DENIED"},"RegistrySessions":{"Results":[],"Collected":true,"FailureReason":null},"LocalAdmins":{"Results":[{"ObjectIdentifier":"S-1-5-21-976142013-3766213998-138799841-500","ObjectType":"User"},{"ObjectIdentifier":"S-1-5-21-976142013-3766213998-138799841-519","ObjectType":"Group"},{"ObjectIdentifier":"S-1-5-21-976142013-3766213998-138799841-512","ObjectType":"Group"}],"Collected":true,"FailureReason":null},"RemoteDesktopUsers":{"Results":[{"ObjectIdentifier":"S-1-5-21-976142013-3766213998-138799841-500","ObjectType":"User"}],"Collected":true,"FailureReason":null},"DcomUsers":{"Results":[],"Collected":true,"FailureReason":null},"PSRemoteUsers":{"Results":[],"Collected":true,"FailureReason":null},"Status":null,"Aces":[{"PrincipalSID":"S-1-5-21-976142013-3766213998-138799841-512","PrincipalType":"Group","RightName":"Owns","IsInherited":false},{"PrincipalSID":"S-1-5-21-976142013-3766213998-138799841-512","PrincipalType":"Group","RightName":"GenericAll","IsInherited":false},{"PrincipalSID":"S-1-5-21-976142013-3766213998-138799841-526","PrincipalType":"Group","RightName":"AddKeyCredentialLink","IsInherited":true},{"PrincipalSID":"S-1-5-21-976142013-3766213998-138799841-527","PrincipalType":"Group","RightName":"AddKeyCredentialLink","IsInherited":true},{"PrincipalSID":"S-1-5-21-976142013-3766213998-138799841-519","PrincipalType":"Group","RightName":"GenericAll","IsInherited":true},{"PrincipalSID":"MEDTECH.COM-S-1-5-32-544","PrincipalType":"Group","RightName":"WriteDacl","IsInherited":true},{"PrincipalSID":"MEDTECH.COM-S-1-5-32-544","PrincipalType":"Group","RightName":"WriteOwner","IsInherited":true},{"PrincipalSID":"MEDTECH.COM-S-1-5-32-544","PrincipalType":"Group","RightName":"GenericWrite","IsInherited":true}],"ObjectIdentifier":"S-1-5-21-976142013-3766213998-138799841-1001","IsDeleted":false,"IsACLProtected":false},{"Properties":{"domain":"MEDTECH.COM","name":"DEV04.MEDTECH.COM","distinguishedname":"CN=DEV04,CN=COMPUTERS,DC=MEDTECH,DC=COM","domainsid":"S-1-5-21-976142013-3766213998-138799841","highvalue":false,"samaccountname":"DEV04$","haslaps":false,"description":null,"whencreated":1664342974,"enabled":true,"unconstraineddelegation":false,"trustedtoauth":false,"lastlogon":1721287995,"lastlogontimestamp":1721286684,"pwdlastset":1721287584,"serviceprincipalnames":["WSMAN/DEV04","WSMAN/DEV04.medtech.com","TERMSRV/DEV04","TERMSRV/DEV04.medtech.com","RestrictedKrbHost/DEV04","HOST/DEV04","RestrictedKrbHost/DEV04.medtech.com","HOST/DEV04.medtech.com"],"operatingsystem":"Windows Server 2022 Standard","sidhistory":[]},"PrimaryGroupSID":"S-1-5-21-976142013-3766213998-138799841-515","AllowedToDelegate":[],"AllowedToAct":[],"HasSIDHistory":[],"DumpSMSAPassword":[],"Sessions":{"Results":[],"Collected":false,"FailureReason":"ERROR_ACCESS_DENIED"},"PrivilegedSessions":{"Results":[],"Collected":false,"FailureReason":"ERROR_ACCESS_DENIED"},"RegistrySessions":{"Results":[{"UserSID":"S-1-5-21-976142013-3766213998-138799841-1105","ComputerSID":"S-1-5-21-976142013-3766213998-138799841-1111"}],"Collected":true,"FailureReason":null},"LocalAdmins":{"Results":[],"Collected":false,"FailureReason":"SAMRPCServerInit Failed"},"RemoteDesktopUsers":{"Results":[],"Collected":false,"FailureReason":"SAMRPCServerInit Failed"},"DcomUsers":{"Results":[],"Collected":false,"FailureReason":"SAMRPCServerInit Failed"},"PSRemoteUsers":{"Results":[],"Collected":false,"FailureReason":"SAMRPCServerInit Failed"},"Status":null,"Aces":[{"PrincipalSID":"S-1-5-21-976142013-3766213998-138799841-512","PrincipalType":"Group","RightName":"Owns","IsInherited":false},{"PrincipalSID":"MEDTECH.COM-S-1-5-32-548","PrincipalType":"Group","RightName":"GenericAll","IsInherited":false},{"PrincipalSID":"S-1-5-21-976142013-3766213998-138799841-512","PrincipalType":"Group","RightName":"GenericAll","IsInherited":false},{"PrincipalSID":"S-1-5-21-976142013-3766213998-138799841-526","PrincipalType":"Group","RightName":"AddKeyCredentialLink","IsInherited":true},{"PrincipalSID":"S-1-5-21-976142013-3766213998-138799841-527","PrincipalType":"Group","RightName":"AddKeyCredentialLink","IsInherited":true},{"PrincipalSID":"S-1-5-21-976142013-3766213998-138799841-519","PrincipalType":"Group","RightName":"GenericAll","IsInherited":true},{"PrincipalSID":"MEDTECH.COM-S-1-5-32-544","PrincipalType":"Group","RightName":"WriteDacl","IsInherited":true},{"PrincipalSID":"MEDTECH.COM-S-1-5-32-544","PrincipalType":"Group","RightName":"WriteOwner","IsInherited":true},{"PrincipalSID":"MEDTECH.COM-S-1-5-32-544","PrincipalType":"Group","RightName":"GenericWrite","IsInherited":true}],"ObjectIdentifier":"S-1-5-21-976142013-3766213998-138799841-1111","IsDeleted":false,"IsACLProtected":false},{"Properties":{"domain":"MEDTECH.COM","name":"CLIENT02.MEDTECH.COM","distinguishedname":"CN=CLIENT02,CN=COMPUTERS,DC=MEDTECH,DC=COM","domainsid":"S-1-5-21-976142013-3766213998-138799841","highvalue":false,"samaccountname":"CLIENT02$","haslaps":false,"description":null,"whencreated":1664418212,"enabled":true,"unconstraineddelegation":false,"trustedtoauth":false,"lastlogon":1721287739,"lastlogontimestamp":1721286684,"pwdlastset":1721287584,"serviceprincipalnames":["WSMAN/CLIENT02","WSMAN/CLIENT02.medtech.com","RestrictedKrbHost/CLIENT02","HOST/CLIENT02","RestrictedKrbHost/CLIENT02.medtech.com","HOST/CLIENT02.medtech.com"],"operatingsystem":"Windows 11 Enterprise","sidhistory":[]},"PrimaryGroupSID":"S-1-5-21-976142013-3766213998-138799841-515","AllowedToDelegate":[],"AllowedToAct":[],"HasSIDHistory":[],"DumpSMSAPassword":[],"Sessions":{"Results":[],"Collected":false,"FailureReason":"ERROR_ACCESS_DENIED"},"PrivilegedSessions":{"Results":[],"Collected":false,"FailureReason":"ERROR_ACCESS_DENIED"},"RegistrySessions":{"Results":[],"Collected":false,"FailureReason":"The network path was not found.\r\n"},"LocalAdmins":{"Results":[],"Collected":false,"FailureReason":"SAMRPCServerInit Failed"},"RemoteDesktopUsers":{"Results":[],"Collected":false,"FailureReason":"SAMRPCServerInit Failed"},"DcomUsers":{"Results":[],"Collected":false,"FailureReason":"SAMRPCServerInit Failed"},"PSRemoteUsers":{"Results":[],"Collected":false,"FailureReason":"SAMRPCServerInit Failed"},"Status":null,"Aces":[{"PrincipalSID":"S-1-5-21-976142013-3766213998-138799841-512","PrincipalType":"Group","RightName":"Owns","IsInherited":false},{"PrincipalSID":"MEDTECH.COM-S-1-5-32-548","PrincipalType":"Group","RightName":"GenericAll","IsInherited":false},{"PrincipalSID":"S-1-5-21-976142013-3766213998-138799841-512","PrincipalType":"Group","RightName":"GenericAll","IsInherited":false},{"PrincipalSID":"S-1-5-21-976142013-3766213998-138799841-526","PrincipalType":"Group","RightName":"AddKeyCredentialLink","IsInherited":true},{"PrincipalSID":"S-1-5-21-976142013-3766213998-138799841-527","PrincipalType":"Group","RightName":"AddKeyCredentialLink","IsInherited":true},{"PrincipalSID":"S-1-5-21-976142013-3766213998-138799841-519","PrincipalType":"Group","RightName":"GenericAll","IsInherited":true},{"PrincipalSID":"MEDTECH.COM-S-1-5-32-544","PrincipalType":"Group","RightName":"WriteDacl","IsInherited":true},{"PrincipalSID":"MEDTECH.COM-S-1-5-32-544","PrincipalType":"Group","RightName":"WriteOwner","IsInherited":true},{"PrincipalSID":"MEDTECH.COM-S-1-5-32-544","PrincipalType":"Group","RightName":"GenericWrite","IsInherited":true}],"ObjectIdentifier":"S-1-5-21-976142013-3766213998-138799841-1114","IsDeleted":false,"IsACLProtected":false}],"meta":{"methods":29695,"type":"computers","count":7,"version":5}}