﻿{"data":[{"Properties":{"domain":"MEDTECH.COM","name":"ADMINSDHOLDER@MEDTECH.COM","distinguishedname":"CN=ADMINSDHOLDER,CN=SYSTEM,DC=MEDTECH,DC=COM","domainsid":"S-1-5-21-976142013-3766213998-138799841","highvalue":false},"ChildObjects":[],"Aces":[{"PrincipalSID":"S-1-5-21-976142013-3766213998-138799841-512","PrincipalType":"Group","RightName":"Owns","IsInherited":false},{"PrincipalSID":"MEDTECH.COM-S-1-5-32-544","PrincipalType":"Group","RightName":"WriteDacl","IsInherited":false},{"PrincipalSID":"MEDTECH.COM-S-1-5-32-544","PrincipalType":"Group","RightName":"WriteOwner","IsInherited":false},{"PrincipalSID":"S-1-5-21-976142013-3766213998-138799841-512","PrincipalType":"Group","RightName":"WriteDacl","IsInherited":false},{"PrincipalSID":"S-1-5-21-976142013-3766213998-138799841-512","PrincipalType":"Group","RightName":"WriteOwner","IsInherited":false},{"PrincipalSID":"S-1-5-21-976142013-3766213998-138799841-519","PrincipalType":"Group","RightName":"WriteDacl","IsInherited":false},{"PrincipalSID":"S-1-5-21-976142013-3766213998-138799841-519","PrincipalType":"Group","RightName":"WriteOwner","IsInherited":false}],"ObjectIdentifier":"A328E158-4874-4EA2-BE06-10E6ADB75A37","IsDeleted":false,"IsACLProtected":true},{"Properties":{"domain":"MEDTECH.COM","name":"POLICYTYPE@MEDTECH.COM","distinguishedname":"CN=POLICYTYPE,CN=WMIPOLICY,CN=SYSTEM,DC=MEDTECH,DC=COM","domainsid":"S-1-5-21-976142013-3766213998-138799841","highvalue":false},"ChildObjects":[],"Aces":[{"PrincipalSID":"S-1-5-21-976142013-3766213998-138799841-512","PrincipalType":"Group","RightName":"Owns","IsInherited":false},{"PrincipalSID":"S-1-5-21-976142013-3766213998-138799841-512","PrincipalType":"Group","RightName":"WriteDacl","IsInherited":false},{"PrincipalSID":"S-1-5-21-976142013-3766213998-138799841-512","PrincipalType":"Group","RightName":"WriteOwner","IsInherited":false},{"PrincipalSID":"S-1-5-21-976142013-3766213998-138799841-519","PrincipalType":"Group","RightName":"GenericAll","IsInherited":true},{"PrincipalSID":"S-1-5-21-976142013-3766213998-138799841-512","PrincipalType":"Group","RightName":"GenericAll","IsInherited":true}],"ObjectIdentifier":"1D794E31-BDA2-4205-B40D-ADE46E974EAF","IsDeleted":false,"IsACLProtected":false},{"Properties":{"domain":"MEDTECH.COM","name":"PROGRAM DATA@MEDTECH.COM","distinguishedname":"CN=PROGRAM DATA,DC=MEDTECH,DC=COM","domainsid":"S-1-5-21-976142013-3766213998-138799841","highvalue":false},"ChildObjects":[],"Aces":[{"PrincipalSID":"S-1-5-21-976142013-3766213998-138799841-512","PrincipalType":"Group","RightName":"Owns","IsInherited":false},{"PrincipalSID":"S-1-5-21-976142013-3766213998-138799841-512","PrincipalType":"Group","RightName":"GenericAll","IsInherited":false},{"PrincipalSID":"S-1-5-21-976142013-3766213998-138799841-519","PrincipalType":"Group","RightName":"GenericAll","IsInherited":true},{"PrincipalSID":"MEDTECH.COM-S-1-5-32-544","PrincipalType":"Group","RightName":"WriteDacl","IsInherited":true},{"PrincipalSID":"MEDTECH.COM-S-1-5-32-544","PrincipalType":"Group","RightName":"WriteOwner","IsInherited":true}],"ObjectIdentifier":"157AAA90-B12A-4679-90E8-ACBF5E0C9C66","IsDeleted":false,"IsACLProtected":false},{"Properties":{"domain":"MEDTECH.COM","name":"COMPARTITIONSETS@MEDTECH.COM","distinguishedname":"CN=COMPARTITIONSETS,CN=SYSTEM,DC=MEDTECH,DC=COM","domainsid":"S-1-5-21-976142013-3766213998-138799841","highvalue":false},"ChildObjects":[],"Aces":[{"PrincipalSID":"S-1-5-21-976142013-3766213998-138799841-512","PrincipalType":"Group","RightName":"Owns","IsInherited":false},{"PrincipalSID":"S-1-5-21-976142013-3766213998-138799841-512","PrincipalType":"Group","RightName":"WriteDacl","IsInherited":false},{"PrincipalSID":"S-1-5-21-976142013-3766213998-138799841-512","PrincipalType":"Group","RightName":"WriteOwner","IsInherited":false},{"PrincipalSID":"S-1-5-21-976142013-3766213998-138799841-519","PrincipalType":"Group","RightName":"GenericAll","IsInherited":true},{"PrincipalSID":"MEDTECH.COM-S-1-5-32-544","PrincipalType":"Group","RightName":"WriteDacl","IsInherited":true},{"PrincipalSID":"MEDTECH.COM-S-1-5-32-544","PrincipalType":"Group","RightName":"WriteOwner","IsInherited":true}],"ObjectIdentifier":"03922557-0EDB-4397-AC67-EAB5EAA2F076","IsDeleted":false,"IsACLProtected":false},{"Properties":{"domain":"MEDTECH.COM","name":"MICROSOFT@MEDTECH.COM","distinguishedname":"CN=MICROSOFT,CN=PROGRAM DATA,DC=MEDTECH,DC=COM","domainsid":"S-1-5-21-976142013-3766213998-138799841","highvalue":false},"ChildObjects":[],"Aces":[{"PrincipalSID":"S-1-5-21-976142013-3766213998-138799841-512","PrincipalType":"Group","RightName":"Owns","IsInherited":false},{"PrincipalSID":"S-1-5-21-976142013-3766213998-138799841-512","PrincipalType":"Group","RightName":"GenericAll","IsInherited":false},{"PrincipalSID":"S-1-5-21-976142013-3766213998-138799841-519","PrincipalType":"Group","RightName":"GenericAll","IsInherited":true},{"PrincipalSID":"MEDTECH.COM-S-1-5-32-544","PrincipalType":"Group","RightName":"WriteDacl","IsInherited":true},{"PrincipalSID":"MEDTECH.COM-S-1-5-32-544","PrincipalType":"Group","RightName":"WriteOwner","IsInherited":true}],"ObjectIdentifier":"812C4D84-E648-4871-92BB-C687AC343937","IsDeleted":false,"IsACLProtected":false},{"Properties":{"domain":"MEDTECH.COM","name":"WMIPOLICY@MEDTECH.COM","distinguishedname":"CN=WMIPOLICY,CN=SYSTEM,DC=MEDTECH,DC=COM","domainsid":"S-1-5-21-976142013-3766213998-138799841","highvalue":false},"ChildObjects":[],"Aces":[{"PrincipalSID":"S-1-5-21-976142013-3766213998-138799841-512","PrincipalType":"Group","RightName":"Owns","IsInherited":false},{"PrincipalSID":"S-1-5-21-976142013-3766213998-138799841-512","PrincipalType":"Group","RightName":"GenericAll","IsInherited":false},{"PrincipalSID":"S-1-5-21-976142013-3766213998-138799841-519","PrincipalType":"Group","RightName":"GenericAll","IsInherited":false}],"ObjectIdentifier":"091A55CE-7123-4E5E-B8E7-ED8B40ECF578","IsDeleted":false,"IsACLProtected":true},{"Properties":{"domain":"MEDTECH.COM","name":"MANAGED SERVICE ACCOUNTS@MEDTECH.COM","distinguishedname":"CN=MANAGED SERVICE ACCOUNTS,DC=MEDTECH,DC=COM","domainsid":"S-1-5-21-976142013-3766213998-138799841","highvalue":false},"ChildObjects":[],"Aces":[{"PrincipalSID":"S-1-5-21-976142013-3766213998-138799841-512","PrincipalType":"Group","RightName":"Owns","IsInherited":false},{"PrincipalSID":"S-1-5-21-976142013-3766213998-138799841-512","PrincipalType":"Group","RightName":"WriteDacl","IsInherited":false},{"PrincipalSID":"S-1-5-21-976142013-3766213998-138799841-512","PrincipalType":"Group","RightName":"WriteOwner","IsInherited":false},{"PrincipalSID":"S-1-5-21-976142013-3766213998-138799841-519","PrincipalType":"Group","RightName":"GenericAll","IsInherited":true},{"PrincipalSID":"MEDTECH.COM-S-1-5-32-544","PrincipalType":"Group","RightName":"WriteDacl","IsInherited":true},{"PrincipalSID":"MEDTECH.COM-S-1-5-32-544","PrincipalType":"Group","RightName":"WriteOwner","IsInherited":true}],"ObjectIdentifier":"7A5F5D84-506E-449C-BEA1-59F58BC439D5","IsDeleted":false,"IsACLProtected":false},{"Properties":{"domain":"MEDTECH.COM","name":"MEETINGS@MEDTECH.COM","distinguishedname":"CN=MEETINGS,CN=SYSTEM,DC=MEDTECH,DC=COM","domainsid":"S-1-5-21-976142013-3766213998-138799841","highvalue":false},"ChildObjects":[],"Aces":[{"PrincipalSID":"S-1-5-21-976142013-3766213998-138799841-512","PrincipalType":"Group","RightName":"Owns","IsInherited":false},{"PrincipalSID":"S-1-5-21-976142013-3766213998-138799841-512","PrincipalType":"Group","RightName":"WriteDacl","IsInherited":false},{"PrincipalSID":"S-1-5-21-976142013-3766213998-138799841-512","PrincipalType":"Group","RightName":"WriteOwner","IsInherited":false},{"PrincipalSID":"S-1-5-21-976142013-3766213998-138799841-519","PrincipalType":"Group","RightName":"GenericAll","IsInherited":true},{"PrincipalSID":"MEDTECH.COM-S-1-5-32-544","PrincipalType":"Group","RightName":"WriteDacl","IsInherited":true},{"PrincipalSID":"MEDTECH.COM-S-1-5-32-544","PrincipalType":"Group","RightName":"WriteOwner","IsInherited":true}],"ObjectIdentifier":"3B97BC40-C27B-493B-B7E2-E7292A632BAD","IsDeleted":false,"IsACLProtected":false},{"Properties":{"domain":"MEDTECH.COM","name":"POLICIES@MEDTECH.COM","distinguishedname":"CN=POLICIES,CN=SYSTEM,DC=MEDTECH,DC=COM","domainsid":"S-1-5-21-976142013-3766213998-138799841","highvalue":false},"ChildObjects":[],"Aces":[{"PrincipalSID":"S-1-5-21-976142013-3766213998-138799841-512","PrincipalType":"Group","RightName":"Owns","IsInherited":false},{"PrincipalSID":"S-1-5-21-976142013-3766213998-138799841-512","PrincipalType":"Group","RightName":"WriteDacl","IsInherited":false},{"PrincipalSID":"S-1-5-21-976142013-3766213998-138799841-512","PrincipalType":"Group","RightName":"WriteOwner","IsInherited":false},{"PrincipalSID":"S-1-5-21-976142013-3766213998-138799841-519","PrincipalType":"Group","RightName":"GenericAll","IsInherited":true},{"PrincipalSID":"MEDTECH.COM-S-1-5-32-544","PrincipalType":"Group","RightName":"WriteDacl","IsInherited":true},{"PrincipalSID":"MEDTECH.COM-S-1-5-32-544","PrincipalType":"Group","RightName":"WriteOwner","IsInherited":true}],"ObjectIdentifier":"F5726135-BAA5-4686-AC16-FD6E09BC34A3","IsDeleted":false,"IsACLProtected":false},{"Properties":{"domain":"MEDTECH.COM","name":"RAS AND IAS SERVERS ACCESS CHECK@MEDTECH.COM","distinguishedname":"CN=RAS AND IAS SERVERS ACCESS CHECK,CN=SYSTEM,DC=MEDTECH,DC=COM","domainsid":"S-1-5-21-976142013-3766213998-138799841","highvalue":false},"ChildObjects":[],"Aces":[{"PrincipalSID":"S-1-5-21-976142013-3766213998-138799841-512","PrincipalType":"Group","RightName":"Owns","IsInherited":false},{"PrincipalSID":"S-1-5-21-976142013-3766213998-138799841-553","PrincipalType":"Group","RightName":"WriteDacl","IsInherited":false},{"PrincipalSID":"S-1-5-21-976142013-3766213998-138799841-553","PrincipalType":"Group","RightName":"WriteOwner","IsInherited":false},{"PrincipalSID":"S-1-5-21-976142013-3766213998-138799841-519","PrincipalType":"Group","RightName":"GenericAll","IsInherited":true},{"PrincipalSID":"MEDTECH.COM-S-1-5-32-544","PrincipalType":"Group","RightName":"WriteDacl","IsInherited":true},{"PrincipalSID":"MEDTECH.COM-S-1-5-32-544","PrincipalType":"Group","RightName":"WriteOwner","IsInherited":true}],"ObjectIdentifier":"3B9D1C66-4362-41AD-B863-1A36FD9DAD69","IsDeleted":false,"IsACLProtected":false},{"Properties":{"domain":"MEDTECH.COM","name":"POLICYTEMPLATE@MEDTECH.COM","distinguishedname":"CN=POLICYTEMPLATE,CN=WMIPOLICY,CN=SYSTEM,DC=MEDTECH,DC=COM","domainsid":"S-1-5-21-976142013-3766213998-138799841","highvalue":false},"ChildObjects":[],"Aces":[{"PrincipalSID":"S-1-5-21-976142013-3766213998-138799841-512","PrincipalType":"Group","RightName":"Owns","IsInherited":false},{"PrincipalSID":"S-1-5-21-976142013-3766213998-138799841-512","PrincipalType":"Group","RightName":"WriteDacl","IsInherited":false},{"PrincipalSID":"S-1-5-21-976142013-3766213998-138799841-512","PrincipalType":"Group","RightName":"WriteOwner","IsInherited":false},{"PrincipalSID":"S-1-5-21-976142013-3766213998-138799841-519","PrincipalType":"Group","RightName":"GenericAll","IsInherited":true},{"PrincipalSID":"S-1-5-21-976142013-3766213998-138799841-512","PrincipalType":"Group","RightName":"GenericAll","IsInherited":true}],"ObjectIdentifier":"1F1977FC-8028-4D0B-8B1E-309BD1F3055F","IsDeleted":false,"IsACLProtected":false},{"Properties":{"domain":"MEDTECH.COM","name":"COMPARTITIONS@MEDTECH.COM","distinguishedname":"CN=COMPARTITIONS,CN=SYSTEM,DC=MEDTECH,DC=COM","domainsid":"S-1-5-21-976142013-3766213998-138799841","highvalue":false},"ChildObjects":[],"Aces":[{"PrincipalSID":"S-1-5-21-976142013-3766213998-138799841-512","PrincipalType":"Group","RightName":"Owns","IsInherited":false},{"PrincipalSID":"S-1-5-21-976142013-3766213998-138799841-512","PrincipalType":"Group","RightName":"WriteDacl","IsInherited":false},{"PrincipalSID":"S-1-5-21-976142013-3766213998-138799841-512","PrincipalType":"Group","RightName":"WriteOwner","IsInherited":false},{"PrincipalSID":"S-1-5-21-976142013-3766213998-138799841-519","PrincipalType":"Group","RightName":"GenericAll","IsInherited":true},{"PrincipalSID":"MEDTECH.COM-S-1-5-32-544","PrincipalType":"Group","RightName":"WriteDacl","IsInherited":true},{"PrincipalSID":"MEDTECH.COM-S-1-5-32-544","PrincipalType":"Group","RightName":"WriteOwner","IsInherited":true}],"ObjectIdentifier":"EB224F82-4287-4A9E-8EFA-80150A343569","IsDeleted":false,"IsACLProtected":false},{"Properties":{"domain":"MEDTECH.COM","name":"SOM@MEDTECH.COM","distinguishedname":"CN=SOM,CN=WMIPOLICY,CN=SYSTEM,DC=MEDTECH,DC=COM","domainsid":"S-1-5-21-976142013-3766213998-138799841","highvalue":false},"ChildObjects":[],"Aces":[{"PrincipalSID":"S-1-5-21-976142013-3766213998-138799841-512","PrincipalType":"Group","RightName":"Owns","IsInherited":false},{"PrincipalSID":"S-1-5-21-976142013-3766213998-138799841-512","PrincipalType":"Group","RightName":"GenericAll","IsInherited":false},{"PrincipalSID":"S-1-5-21-976142013-3766213998-138799841-519","PrincipalType":"Group","RightName":"GenericAll","IsInherited":false}],"ObjectIdentifier":"9AD09EC3-4644-443F-9F64-208546ED6752","IsDeleted":false,"IsACLProtected":true},{"Properties":{"domain":"MEDTECH.COM","name":"WMIGPO@MEDTECH.COM","distinguishedname":"CN=WMIGPO,CN=WMIPOLICY,CN=SYSTEM,DC=MEDTECH,DC=COM","domainsid":"S-1-5-21-976142013-3766213998-138799841","highvalue":false},"ChildObjects":[],"Aces":[{"PrincipalSID":"S-1-5-21-976142013-3766213998-138799841-512","PrincipalType":"Group","RightName":"Owns","IsInherited":false},{"PrincipalSID":"S-1-5-21-976142013-3766213998-138799841-512","PrincipalType":"Group","RightName":"WriteDacl","IsInherited":false},{"PrincipalSID":"S-1-5-21-976142013-3766213998-138799841-512","PrincipalType":"Group","RightName":"WriteOwner","IsInherited":false},{"PrincipalSID":"S-1-5-21-976142013-3766213998-138799841-519","PrincipalType":"Group","RightName":"GenericAll","IsInherited":true},{"PrincipalSID":"S-1-5-21-976142013-3766213998-138799841-512","PrincipalType":"Group","RightName":"GenericAll","IsInherited":true}],"ObjectIdentifier":"A52905DE-861F-4054-9290-7EA2907A7D24","IsDeleted":false,"IsACLProtected":false},{"Properties":{"domain":"MEDTECH.COM","name":"WINSOCKSERVICES@MEDTECH.COM","distinguishedname":"CN=WINSOCKSERVICES,CN=SYSTEM,DC=MEDTECH,DC=COM","domainsid":"S-1-5-21-976142013-3766213998-138799841","highvalue":false},"ChildObjects":[],"Aces":[{"PrincipalSID":"S-1-5-21-976142013-3766213998-138799841-512","PrincipalType":"Group","RightName":"Owns","IsInherited":false},{"PrincipalSID":"S-1-5-21-976142013-3766213998-138799841-512","PrincipalType":"Group","RightName":"WriteDacl","IsInherited":false},{"PrincipalSID":"S-1-5-21-976142013-3766213998-138799841-512","PrincipalType":"Group","RightName":"WriteOwner","IsInherited":false},{"PrincipalSID":"S-1-5-21-976142013-3766213998-138799841-519","PrincipalType":"Group","RightName":"GenericAll","IsInherited":true},{"PrincipalSID":"MEDTECH.COM-S-1-5-32-544","PrincipalType":"Group","RightName":"WriteDacl","IsInherited":true},{"PrincipalSID":"MEDTECH.COM-S-1-5-32-544","PrincipalType":"Group","RightName":"WriteOwner","IsInherited":true}],"ObjectIdentifier":"7670AA20-0667-49A4-83DF-19A5E873DCE0","IsDeleted":false,"IsACLProtected":false},{"Properties":{"domain":"MEDTECH.COM","name":"IP SECURITY@MEDTECH.COM","distinguishedname":"CN=IP SECURITY,CN=SYSTEM,DC=MEDTECH,DC=COM","domainsid":"S-1-5-21-976142013-3766213998-138799841","highvalue":false},"ChildObjects":[],"Aces":[{"PrincipalSID":"S-1-5-21-976142013-3766213998-138799841-512","PrincipalType":"Group","RightName":"Owns","IsInherited":false},{"PrincipalSID":"S-1-5-21-976142013-3766213998-138799841-512","PrincipalType":"Group","RightName":"WriteDacl","IsInherited":false},{"PrincipalSID":"S-1-5-21-976142013-3766213998-138799841-512","PrincipalType":"Group","RightName":"WriteOwner","IsInherited":false},{"PrincipalSID":"S-1-5-21-976142013-3766213998-138799841-519","PrincipalType":"Group","RightName":"GenericAll","IsInherited":true},{"PrincipalSID":"MEDTECH.COM-S-1-5-32-544","PrincipalType":"Group","RightName":"WriteDacl","IsInherited":true},{"PrincipalSID":"MEDTECH.COM-S-1-5-32-544","PrincipalType":"Group","RightName":"WriteOwner","IsInherited":true}],"ObjectIdentifier":"9D713E6F-1ED0-473A-8355-A4FCC2695E1B","IsDeleted":false,"IsACLProtected":false},{"Properties":{"domain":"MEDTECH.COM","name":"COMPUTERS@MEDTECH.COM","distinguishedname":"CN=COMPUTERS,DC=MEDTECH,DC=COM","domainsid":"S-1-5-21-976142013-3766213998-138799841","highvalue":false},"ChildObjects":[{"ObjectIdentifier":"S-1-5-21-976142013-3766213998-138799841-1112","ObjectType":"Computer"},{"ObjectIdentifier":"S-1-5-21-976142013-3766213998-138799841-1114","ObjectType":"Computer"},{"ObjectIdentifier":"S-1-5-21-976142013-3766213998-138799841-1111","ObjectType":"Computer"},{"ObjectIdentifier":"S-1-5-21-976142013-3766213998-138799841-1104","ObjectType":"Computer"},{"ObjectIdentifier":"S-1-5-21-976142013-3766213998-138799841-1113","ObjectType":"Computer"},{"ObjectIdentifier":"S-1-5-21-976142013-3766213998-138799841-1115","ObjectType":"Computer"}],"Aces":[{"PrincipalSID":"S-1-5-21-976142013-3766213998-138799841-512","PrincipalType":"Group","RightName":"Owns","IsInherited":false},{"PrincipalSID":"S-1-5-21-976142013-3766213998-138799841-512","PrincipalType":"Group","RightName":"WriteDacl","IsInherited":false},{"PrincipalSID":"S-1-5-21-976142013-3766213998-138799841-512","PrincipalType":"Group","RightName":"WriteOwner","IsInherited":false},{"PrincipalSID":"S-1-5-21-976142013-3766213998-138799841-519","PrincipalType":"Group","RightName":"GenericAll","IsInherited":true},{"PrincipalSID":"MEDTECH.COM-S-1-5-32-544","PrincipalType":"Group","RightName":"WriteDacl","IsInherited":true},{"PrincipalSID":"MEDTECH.COM-S-1-5-32-544","PrincipalType":"Group","RightName":"WriteOwner","IsInherited":true}],"ObjectIdentifier":"84BC9832-380A-4E8A-8CC5-3CC67401576A","IsDeleted":false,"IsACLProtected":false},{"Properties":{"domain":"MEDTECH.COM","name":"RPCSERVICES@MEDTECH.COM","distinguishedname":"CN=RPCSERVICES,CN=SYSTEM,DC=MEDTECH,DC=COM","domainsid":"S-1-5-21-976142013-3766213998-138799841","highvalue":false},"ChildObjects":[],"Aces":[{"PrincipalSID":"S-1-5-21-976142013-3766213998-138799841-512","PrincipalType":"Group","RightName":"Owns","IsInherited":false},{"PrincipalSID":"S-1-5-21-976142013-3766213998-138799841-512","PrincipalType":"Group","RightName":"WriteDacl","IsInherited":false},{"PrincipalSID":"S-1-5-21-976142013-3766213998-138799841-512","PrincipalType":"Group","RightName":"WriteOwner","IsInherited":false},{"PrincipalSID":"S-1-5-21-976142013-3766213998-138799841-519","PrincipalType":"Group","RightName":"GenericAll","IsInherited":true},{"PrincipalSID":"MEDTECH.COM-S-1-5-32-544","PrincipalType":"Group","RightName":"WriteDacl","IsInherited":true},{"PrincipalSID":"MEDTECH.COM-S-1-5-32-544","PrincipalType":"Group","RightName":"WriteOwner","IsInherited":true}],"ObjectIdentifier":"12B8C128-02B5-4F55-9E7B-AE58CBCB1D77","IsDeleted":false,"IsACLProtected":false},{"Properties":{"domain":"MEDTECH.COM","name":"FOREIGNSECURITYPRINCIPALS@MEDTECH.COM","distinguishedname":"CN=FOREIGNSECURITYPRINCIPALS,DC=MEDTECH,DC=COM","domainsid":"S-1-5-21-976142013-3766213998-138799841","highvalue":false},"ChildObjects":[],"Aces":[{"PrincipalSID":"S-1-5-21-976142013-3766213998-138799841-512","PrincipalType":"Group","RightName":"Owns","IsInherited":false},{"PrincipalSID":"S-1-5-21-976142013-3766213998-138799841-512","PrincipalType":"Group","RightName":"GenericAll","IsInherited":false},{"PrincipalSID":"S-1-5-21-976142013-3766213998-138799841-519","PrincipalType":"Group","RightName":"GenericAll","IsInherited":true},{"PrincipalSID":"MEDTECH.COM-S-1-5-32-544","PrincipalType":"Group","RightName":"WriteDacl","IsInherited":true},{"PrincipalSID":"MEDTECH.COM-S-1-5-32-544","PrincipalType":"Group","RightName":"WriteOwner","IsInherited":true}],"ObjectIdentifier":"2EB709FE-DAF6-4F66-8DD1-1BC38FB09CFD","IsDeleted":false,"IsACLProtected":false},{"Properties":{"domain":"MEDTECH.COM","name":"SYSTEM@MEDTECH.COM","distinguishedname":"CN=SYSTEM,DC=MEDTECH,DC=COM","domainsid":"S-1-5-21-976142013-3766213998-138799841","highvalue":false},"ChildObjects":[],"Aces":[{"PrincipalSID":"S-1-5-21-976142013-3766213998-138799841-512","PrincipalType":"Group","RightName":"Owns","IsInherited":false},{"PrincipalSID":"S-1-5-21-976142013-3766213998-138799841-512","PrincipalType":"Group","RightName":"WriteDacl","IsInherited":false},{"PrincipalSID":"S-1-5-21-976142013-3766213998-138799841-512","PrincipalType":"Group","RightName":"WriteOwner","IsInherited":false},{"PrincipalSID":"S-1-5-21-976142013-3766213998-138799841-519","PrincipalType":"Group","RightName":"GenericAll","IsInherited":true},{"PrincipalSID":"MEDTECH.COM-S-1-5-32-544","PrincipalType":"Group","RightName":"WriteDacl","IsInherited":true},{"PrincipalSID":"MEDTECH.COM-S-1-5-32-544","PrincipalType":"Group","RightName":"WriteOwner","IsInherited":true}],"ObjectIdentifier":"C8685C6C-964A-4E3C-949F-7D553CA64A85","IsDeleted":false,"IsACLProtected":false},{"Properties":{"domain":"MEDTECH.COM","name":"PSPS@MEDTECH.COM","distinguishedname":"CN=PSPS,CN=SYSTEM,DC=MEDTECH,DC=COM","domainsid":"S-1-5-21-976142013-3766213998-138799841","highvalue":false},"ChildObjects":[],"Aces":[{"PrincipalSID":"S-1-5-21-976142013-3766213998-138799841-512","PrincipalType":"Group","RightName":"Owns","IsInherited":false},{"PrincipalSID":"S-1-5-21-976142013-3766213998-138799841-512","PrincipalType":"Group","RightName":"GenericAll","IsInherited":false},{"PrincipalSID":"S-1-5-21-976142013-3766213998-138799841-519","PrincipalType":"Group","RightName":"GenericAll","IsInherited":true},{"PrincipalSID":"MEDTECH.COM-S-1-5-32-544","PrincipalType":"Group","RightName":"WriteDacl","IsInherited":true},{"PrincipalSID":"MEDTECH.COM-S-1-5-32-544","PrincipalType":"Group","RightName":"WriteOwner","IsInherited":true}],"ObjectIdentifier":"404B8053-7358-441B-A215-8D53F6788C9B","IsDeleted":false,"IsACLProtected":false},{"Properties":{"domain":"MEDTECH.COM","name":"USERS@MEDTECH.COM","distinguishedname":"CN=USERS,DC=MEDTECH,DC=COM","domainsid":"S-1-5-21-976142013-3766213998-138799841","highvalue":false},"ChildObjects":[{"ObjectIdentifier":"S-1-5-21-976142013-3766213998-138799841-500","ObjectType":"User"},{"ObjectIdentifier":"S-1-5-21-976142013-3766213998-138799841-571","ObjectType":"Group"},{"ObjectIdentifier":"S-1-5-21-976142013-3766213998-138799841-517","ObjectType":"Group"},{"ObjectIdentifier":"S-1-5-21-976142013-3766213998-138799841-522","ObjectType":"Group"},{"ObjectIdentifier":"S-1-5-21-976142013-3766213998-138799841-572","ObjectType":"Group"},{"ObjectIdentifier":"S-1-5-21-976142013-3766213998-138799841-1102","ObjectType":"Group"},{"ObjectIdentifier":"S-1-5-21-976142013-3766213998-138799841-1103","ObjectType":"Group"},{"ObjectIdentifier":"S-1-5-21-976142013-3766213998-138799841-512","ObjectType":"Group"},{"ObjectIdentifier":"S-1-5-21-976142013-3766213998-138799841-515","ObjectType":"Group"},{"ObjectIdentifier":"S-1-5-21-976142013-3766213998-138799841-516","ObjectType":"Group"},{"ObjectIdentifier":"S-1-5-21-976142013-3766213998-138799841-514","ObjectType":"Group"},{"ObjectIdentifier":"S-1-5-21-976142013-3766213998-138799841-513","ObjectType":"Group"},{"ObjectIdentifier":"S-1-5-21-976142013-3766213998-138799841-519","ObjectType":"Group"},{"ObjectIdentifier":"S-1-5-21-976142013-3766213998-138799841-527","ObjectType":"Group"},{"ObjectIdentifier":"S-1-5-21-976142013-3766213998-138799841-498","ObjectType":"Group"},{"ObjectIdentifier":"S-1-5-21-976142013-3766213998-138799841-520","ObjectType":"Group"},{"ObjectIdentifier":"S-1-5-21-976142013-3766213998-138799841-501","ObjectType":"User"},{"ObjectIdentifier":"S-1-5-21-976142013-3766213998-138799841-1106","ObjectType":"User"},{"ObjectIdentifier":"S-1-5-21-976142013-3766213998-138799841-526","ObjectType":"Group"},{"ObjectIdentifier":"S-1-5-21-976142013-3766213998-138799841-502","ObjectType":"User"},{"ObjectIdentifier":"S-1-5-21-976142013-3766213998-138799841-1105","ObjectType":"User"},{"ObjectIdentifier":"S-1-5-21-976142013-3766213998-138799841-1108","ObjectType":"User"},{"ObjectIdentifier":"S-1-5-21-976142013-3766213998-138799841-1000","ObjectType":"User"},{"ObjectIdentifier":"S-1-5-21-976142013-3766213998-138799841-1107","ObjectType":"User"},{"ObjectIdentifier":"S-1-5-21-976142013-3766213998-138799841-525","ObjectType":"Group"},{"ObjectIdentifier":"S-1-5-21-976142013-3766213998-138799841-553","ObjectType":"Group"},{"ObjectIdentifier":"S-1-5-21-976142013-3766213998-138799841-521","ObjectType":"Group"},{"ObjectIdentifier":"S-1-5-21-976142013-3766213998-138799841-518","ObjectType":"Group"},{"ObjectIdentifier":"S-1-5-21-976142013-3766213998-138799841-1109","ObjectType":"User"},{"ObjectIdentifier":"S-1-5-21-976142013-3766213998-138799841-1110","ObjectType":"User"}],"Aces":[{"PrincipalSID":"S-1-5-21-976142013-3766213998-138799841-512","PrincipalType":"Group","RightName":"Owns","IsInherited":false},{"PrincipalSID":"S-1-5-21-976142013-3766213998-138799841-512","PrincipalType":"Group","RightName":"WriteDacl","IsInherited":false},{"PrincipalSID":"S-1-5-21-976142013-3766213998-138799841-512","PrincipalType":"Group","RightName":"WriteOwner","IsInherited":false},{"PrincipalSID":"S-1-5-21-976142013-3766213998-138799841-519","PrincipalType":"Group","RightName":"GenericAll","IsInherited":true},{"PrincipalSID":"MEDTECH.COM-S-1-5-32-544","PrincipalType":"Group","RightName":"WriteDacl","IsInherited":true},{"PrincipalSID":"MEDTECH.COM-S-1-5-32-544","PrincipalType":"Group","RightName":"WriteOwner","IsInherited":true}],"ObjectIdentifier":"7739526E-097B-45B7-AFD9-9B40346F3A31","IsDeleted":false,"IsACLProtected":false}],"meta":{"methods":29695,"type":"containers","count":22,"version":5}}