﻿{"data":[{"GPOChanges":{"LocalAdmins":[],"RemoteDesktopUsers":[],"DcomUsers":[],"PSRemoteUsers":[],"AffectedComputers":[{"ObjectIdentifier":"S-1-5-21-976142013-3766213998-138799841-1001","ObjectType":"Computer"},{"ObjectIdentifier":"S-1-5-21-976142013-3766213998-138799841-1104","ObjectType":"Computer"},{"ObjectIdentifier":"S-1-5-21-976142013-3766213998-138799841-1111","ObjectType":"Computer"},{"ObjectIdentifier":"S-1-5-21-976142013-3766213998-138799841-1112","ObjectType":"Computer"},{"ObjectIdentifier":"S-1-5-21-976142013-3766213998-138799841-1113","ObjectType":"Computer"},{"ObjectIdentifier":"S-1-5-21-976142013-3766213998-138799841-1114","ObjectType":"Computer"},{"ObjectIdentifier":"S-1-5-21-976142013-3766213998-138799841-1115","ObjectType":"Computer"}]},"Properties":{"domain":"MEDTECH.COM","name":"MEDTECH.COM","distinguishedname":"DC=MEDTECH,DC=COM","domainsid":"S-1-5-21-976142013-3766213998-138799841","highvalue":true,"description":null,"whencreated":1664275568,"functionallevel":"2016"},"ChildObjects":[{"ObjectIdentifier":"84BC9832-380A-4E8A-8CC5-3CC67401576A","ObjectType":"Container"},{"ObjectIdentifier":"C7FCC44F-B265-4B85-BD7B-641C86FF4F79","ObjectType":"OU"},{"ObjectIdentifier":"2EB709FE-DAF6-4F66-8DD1-1BC38FB09CFD","ObjectType":"Container"},{"ObjectIdentifier":"7A5F5D84-506E-449C-BEA1-59F58BC439D5","ObjectType":"Container"},{"ObjectIdentifier":"7739526E-097B-45B7-AFD9-9B40346F3A31","ObjectType":"Container"}],"Trusts":[],"Links":[{"IsEnforced":false,"GUID":"5C52F6EA-9230-4A00-AFC2-D0DC4541BD71"}],"Aces":[{"PrincipalSID":"MEDTECH.COM-S-1-5-32-544","PrincipalType":"Group","RightName":"Owns","IsInherited":false},{"PrincipalSID":"MEDTECH.COM-S-1-5-32-544","PrincipalType":"Group","RightName":"WriteDacl","IsInherited":false},{"PrincipalSID":"MEDTECH.COM-S-1-5-32-544","PrincipalType":"Group","RightName":"WriteOwner","IsInherited":false},{"PrincipalSID":"MEDTECH.COM-S-1-5-32-544","PrincipalType":"Group","RightName":"AllExtendedRights","IsInherited":false},{"PrincipalSID":"S-1-5-21-976142013-3766213998-138799841-512","PrincipalType":"Group","RightName":"WriteDacl","IsInherited":false},{"PrincipalSID":"S-1-5-21-976142013-3766213998-138799841-512","PrincipalType":"Group","RightName":"WriteOwner","IsInherited":false},{"PrincipalSID":"S-1-5-21-976142013-3766213998-138799841-512","PrincipalType":"Group","RightName":"AllExtendedRights","IsInherited":false},{"PrincipalSID":"S-1-5-21-976142013-3766213998-138799841-519","PrincipalType":"Group","RightName":"GenericAll","IsInherited":false},{"PrincipalSID":"MEDTECH.COM-S-1-5-9","PrincipalType":"Group","RightName":"GetChanges","IsInherited":false},{"PrincipalSID":"MEDTECH.COM-S-1-5-9","PrincipalType":"Group","RightName":"GetChangesInFilteredSet","IsInherited":false},{"PrincipalSID":"MEDTECH.COM-S-1-5-32-544","PrincipalType":"Group","RightName":"GetChangesAll","IsInherited":false},{"PrincipalSID":"MEDTECH.COM-S-1-5-32-544","PrincipalType":"Group","RightName":"GetChanges","IsInherited":false},{"PrincipalSID":"MEDTECH.COM-S-1-5-32-544","PrincipalType":"Group","RightName":"GetChangesInFilteredSet","IsInherited":false},{"PrincipalSID":"S-1-5-21-976142013-3766213998-138799841-498","PrincipalType":"Group","RightName":"GetChanges","IsInherited":false},{"PrincipalSID":"S-1-5-21-976142013-3766213998-138799841-516","PrincipalType":"Group","RightName":"GetChangesAll","IsInherited":false}],"ObjectIdentifier":"S-1-5-21-976142013-3766213998-138799841","IsDeleted":false,"IsACLProtected":false}],"meta":{"methods":29695,"type":"domains","count":1,"version":5}}